Istanza,Combinazione,Seed,Soluzione_PW,Tempo_PW,Soluzione_Euristica,Tempo_Euristica,Gap_%
A-n54-k7-149.sppcc,1,12345,-12492.0,9.234485,436.5,0.026002,103.49
A-n54-k7-149.sppcc,1,42,-12492.0,9.234485,436.5,0.025968,103.49
A-n54-k7-149.sppcc,1,100,-12492.0,9.234485,-2720.5,0.026075,78.22
A-n54-k7-149.sppcc,1,999,-12492.0,9.234485,436.5,0.025627,103.49
A-n54-k7-149.sppcc,1,2026,-12492.0,9.234485,436.5,0.025537,103.49
A-n54-k7-149.sppcc,2,12345,-12492.0,9.234485,-2720.5,0.095485,78.22
A-n54-k7-149.sppcc,2,42,-12492.0,9.234485,-4181.5,0.084814,66.53
A-n54-k7-149.sppcc,2,100,-12492.0,9.234485,-2720.5,0.100924,78.22
A-n54-k7-149.sppcc,2,999,-12492.0,9.234485,-1337.5,0.08418,89.29
A-n54-k7-149.sppcc,2,2026,-12492.0,9.234485,-2720.5,0.099432,78.22
A-n54-k7-149.sppcc,3,12345,-12492.0,9.234485,-4181.5,0.391724,66.53
A-n54-k7-149.sppcc,3,42,-12492.0,9.234485,-4181.5,0.390575,66.53
A-n54-k7-149.sppcc,3,100,-12492.0,9.234485,-4181.5,0.36331,66.53
A-n54-k7-149.sppcc,3,999,-12492.0,9.234485,-4181.5,0.361101,66.53
A-n54-k7-149.sppcc,3,2026,-12492.0,9.234485,-4181.5,0.37896,66.53
A-n54-k7-149.sppcc,4,12345,-12492.0,9.234485,-4181.5,0.403434,66.53
A-n54-k7-149.sppcc,4,42,-12492.0,9.234485,-4181.5,0.381127,66.53
A-n54-k7-149.sppcc,4,100,-12492.0,9.234485,-4181.5,0.375634,66.53
A-n54-k7-149.sppcc,4,999,-12492.0,9.234485,-2249.5,0.262802,81.99
A-n54-k7-149.sppcc,4,2026,-12492.0,9.234485,-4181.5,0.367568,66.53
A-n60-k9-57.sppcc,1,12345,-1000.0,27.294795,-500.0,0.030393,50.0
A-n60-k9-57.sppcc,1,42,-1000.0,27.294795,-500.0,0.029982,50.0
A-n60-k9-57.sppcc,1,100,-1000.0,27.294795,-500.0,0.030953,50.0
A-n60-k9-57.sppcc,1,999,-1000.0,27.294795,-500.0,0.030037,50.0
A-n60-k9-57.sppcc,1,2026,-1000.0,27.294795,-500.0,0.037859,50.0
A-n60-k9-57.sppcc,2,12345,-1000.0,27.294795,-500.0,0.105946,50.0
A-n60-k9-57.sppcc,2,42,-1000.0,27.294795,-500.0,0.101821,50.0
A-n60-k9-57.sppcc,2,100,-1000.0,27.294795,-500.0,0.105718,50.0
A-n60-k9-57.sppcc,2,999,-1000.0,27.294795,-500.0,0.103819,50.0
A-n60-k9-57.sppcc,2,2026,-1000.0,27.294795,-500.0,0.109367,50.0
A-n60-k9-57.sppcc,3,12345,-1000.0,27.294795,-500.0,0.431752,50.0
A-n60-k9-57.sppcc,3,42,-1000.0,27.294795,-500.0,0.425078,50.0
A-n60-k9-57.sppcc,3,100,-1000.0,27.294795,-500.0,0.428492,50.0
A-n60-k9-57.sppcc,3,999,-1000.0,27.294795,-500.0,0.437472,50.0
A-n60-k9-57.sppcc,3,2026,-1000.0,27.294795,-500.0,0.433293,50.0
A-n60-k9-57.sppcc,4,12345,-1000.0,27.294795,-500.0,0.43984,50.0
A-n60-k9-57.sppcc,4,42,-1000.0,27.294795,-500.0,0.440983,50.0
A-n60-k9-57.sppcc,4,100,-1000.0,27.294795,-500.0,0.431209,50.0
A-n60-k9-57.sppcc,4,999,-1000.0,27.294795,-500.0,0.427999,50.0
A-n60-k9-57.sppcc,4,2026,-1000.0,27.294795,-500.0,0.425065,50.0
A-n80-k10-14.sppcc,1,12345,-105283.0,65.785667,-15594.5,0.013599,85.19
A-n80-k10-14.sppcc,1,42,-105283.0,65.785667,-15594.5,0.013791,85.19
A-n80-k10-14.sppcc,1,100,-105283.0,65.785667,-15594.5,0.013401,85.19
A-n80-k10-14.sppcc,1,999,-105283.0,65.785667,-15594.5,0.014169,85.19
A-n80-k10-14.sppcc,1,2026,-105283.0,65.785667,-15594.5,0.01335,85.19
A-n80-k10-14.sppcc,2,12345,-105283.0,65.785667,-15594.5,0.051996,85.19
A-n80-k10-14.sppcc,2,42,-105283.0,65.785667,-15594.5,0.051671,85.19
A-n80-k10-14.sppcc,2,100,-105283.0,65.785667,-15594.5,0.052637,85.19
A-n80-k10-14.sppcc,2,999,-105283.0,65.785667,-15594.5,0.053153,85.19
A-n80-k10-14.sppcc,2,2026,-105283.0,65.785667,-15594.5,0.051366,85.19
A-n80-k10-14.sppcc,3,12345,-105283.0,65.785667,-15594.5,0.220668,85.19
A-n80-k10-14.sppcc,3,42,-105283.0,65.785667,-15594.5,0.219551,85.19
A-n80-k10-14.sppcc,3,100,-105283.0,65.785667,-15594.5,0.2233,85.19
A-n80-k10-14.sppcc,3,999,-105283.0,65.785667,-15594.5,0.2199,85.19
A-n80-k10-14.sppcc,3,2026,-105283.0,65.785667,-15594.5,0.219636,85.19
A-n80-k10-14.sppcc,4,12345,-105283.0,65.785667,-15594.5,0.225154,85.19
A-n80-k10-14.sppcc,4,42,-105283.0,65.785667,-15594.5,0.220246,85.19
A-n80-k10-14.sppcc,4,100,-105283.0,65.785667,-15594.5,0.226464,85.19
A-n80-k10-14.sppcc,4,999,-105283.0,65.785667,-15594.5,0.223373,85.19
A-n80-k10-14.sppcc,4,2026,-105283.0,65.785667,-15594.5,0.23135,85.19
B-n45-k6-54.sppcc,1,12345,-74278.0,96.11675,-289250.5,0.005701,-289.42
B-n45-k6-54.sppcc,1,42,-74278.0,96.11675,-289250.5,0.005609,-289.42
B-n45-k6-54.sppcc,1,100,-74278.0,96.11675,-289250.5,0.005846,-289.42
B-n45-k6-54.sppcc,1,999,-74278.0,96.11675,-289250.5,0.005835,-289.42
B-n45-k6-54.sppcc,1,2026,-74278.0,96.11675,-289250.5,0.005556,-289.42
B-n45-k6-54.sppcc,2,12345,-74278.0,96.11675,-289250.5,0.026807,-289.42
B-n45-k6-54.sppcc,2,42,-74278.0,96.11675,-289250.5,0.029053,-289.42
B-n45-k6-54.sppcc,2,100,-74278.0,96.11675,-289250.5,0.039385,-289.42
B-n45-k6-54.sppcc,2,999,-74278.0,96.11675,-289250.5,0.026624,-289.42
B-n45-k6-54.sppcc,2,2026,-74278.0,96.11675,-289250.5,0.027087,-289.42
B-n45-k6-54.sppcc,3,12345,-74278.0,96.11675,-289250.5,0.122873,-289.42
B-n45-k6-54.sppcc,3,42,-74278.0,96.11675,-289250.5,0.118805,-289.42
B-n45-k6-54.sppcc,3,100,-74278.0,96.11675,-289250.5,0.123872,-289.42
B-n45-k6-54.sppcc,3,999,-74278.0,96.11675,-289250.5,0.122162,-289.42
B-n45-k6-54.sppcc,3,2026,-74278.0,96.11675,-289250.5,0.122767,-289.42
B-n45-k6-54.sppcc,4,12345,-74278.0,96.11675,-289250.5,0.121238,-289.42
B-n45-k6-54.sppcc,4,42,-74278.0,96.11675,-289250.5,0.12081,-289.42
B-n45-k6-54.sppcc,4,100,-74278.0,96.11675,-289250.5,0.120938,-289.42
B-n45-k6-54.sppcc,4,999,-74278.0,96.11675,-289250.5,0.120534,-289.42
B-n45-k6-54.sppcc,4,2026,-74278.0,96.11675,-289250.5,0.121121,-289.42
B-n78-k10-70.sppcc,1,12345,-44333.0,34.470044,-1500.0,0.032936,96.62
B-n78-k10-70.sppcc,1,42,-44333.0,34.470044,-1500.0,0.027208,96.62
B-n78-k10-70.sppcc,1,100,-44333.0,34.470044,-1500.0,0.032723,96.62
B-n78-k10-70.sppcc,1,999,-44333.0,34.470044,-1500.0,0.032228,96.62
B-n78-k10-70.sppcc,1,2026,-44333.0,34.470044,-1500.0,0.033133,96.62
B-n78-k10-70.sppcc,2,12345,-44333.0,34.470044,-1500.0,0.138057,96.62
B-n78-k10-70.sppcc,2,42,-44333.0,34.470044,-1500.0,0.143816,96.62
B-n78-k10-70.sppcc,2,100,-44333.0,34.470044,-1500.0,0.139962,96.62
B-n78-k10-70.sppcc,2,999,-44333.0,34.470044,-1500.0,0.136022,96.62
B-n78-k10-70.sppcc,2,2026,-44333.0,34.470044,-1500.0,0.130458,96.62
B-n78-k10-70.sppcc,3,12345,-44333.0,34.470044,-1500.0,0.626296,96.62
B-n78-k10-70.sppcc,3,42,-44333.0,34.470044,-1500.0,0.554807,96.62
B-n78-k10-70.sppcc,3,100,-44333.0,34.470044,-1500.0,0.618496,96.62
B-n78-k10-70.sppcc,3,999,-44333.0,34.470044,-1500.0,0.572905,96.62
B-n78-k10-70.sppcc,3,2026,-44333.0,34.470044,-1500.0,0.632251,96.62
B-n78-k10-70.sppcc,4,12345,-44333.0,34.470044,-1500.0,0.585735,96.62
B-n78-k10-70.sppcc,4,42,-44333.0,34.470044,-1500.0,0.629038,96.62
B-n78-k10-70.sppcc,4,100,-44333.0,34.470044,-1500.0,0.59614,96.62
B-n78-k10-70.sppcc,4,999,-44333.0,34.470044,-1500.0,0.602631,96.62
B-n78-k10-70.sppcc,4,2026,-44333.0,34.470044,-1500.0,0.597613,96.62
M-n101-k10-97.sppcc,1,12345,-32628.0,60.905079,-356.0,0.059671,98.91
M-n101-k10-97.sppcc,1,42,-32628.0,60.905079,3726.0,0.05031,111.42
M-n101-k10-97.sppcc,1,100,-32628.0,60.905079,8693.0,0.050989,126.64
M-n101-k10-97.sppcc,1,999,-32628.0,60.905079,-3984.0,0.058212,87.79
M-n101-k10-97.sppcc,1,2026,-32628.0,60.905079,8000.0,0.042051,124.52
M-n101-k10-97.sppcc,2,12345,-32628.0,60.905079,-7597.0,0.270951,76.72
M-n101-k10-97.sppcc,2,42,-32628.0,60.905079,-16307.0,0.349619,50.02
M-n101-k10-97.sppcc,2,100,-32628.0,60.905079,-7597.0,0.271466,76.72
M-n101-k10-97.sppcc,2,999,-32628.0,60.905079,-17372.0,0.342275,46.76
M-n101-k10-97.sppcc,2,2026,-32628.0,60.905079,-7274.0,0.347724,77.71
M-n101-k10-97.sppcc,3,12345,-32628.0,60.905079,-16307.0,1.458209,50.02
M-n101-k10-97.sppcc,3,42,-32628.0,60.905079,-7274.0,1.713729,77.71
M-n101-k10-97.sppcc,3,100,-32628.0,60.905079,-7597.0,1.155764,76.72
M-n101-k10-97.sppcc,3,999,-32628.0,60.905079,-2597.0,0.979106,92.04
M-n101-k10-97.sppcc,3,2026,-32628.0,60.905079,-16307.0,1.354183,50.02
M-n101-k10-97.sppcc,4,12345,-32628.0,60.905079,-16307.0,1.552853,50.02
M-n101-k10-97.sppcc,4,42,-32628.0,60.905079,-7597.0,1.472186,76.72
M-n101-k10-97.sppcc,4,100,-32628.0,60.905079,-7597.0,1.283527,76.72
M-n101-k10-97.sppcc,4,999,-32628.0,60.905079,-7274.0,1.839948,77.71
M-n101-k10-97.sppcc,4,2026,-32628.0,60.905079,-16307.0,1.51877,50.02
M-n151-k12-15.sppcc,1,12345,-79996.0,1040.815193,-16123.5,0.160816,79.84
M-n151-k12-15.sppcc,1,42,-79996.0,1040.815193,-19478.5,0.163387,75.65
M-n151-k12-15.sppcc,1,100,-79996.0,1040.815193,-21123.5,0.165406,73.59
M-n151-k12-15.sppcc,1,999,-79996.0,1040.815193,-18478.5,0.170146,76.9
M-n151-k12-15.sppcc,1,2026,-79996.0,1040.815193,-19146.5,0.171909,76.07
M-n151-k12-15.sppcc,2,12345,-79996.0,1040.815193,-21532.5,0.702348,73.08
M-n151-k12-15.sppcc,2,42,-79996.0,1040.815193,-21123.5,0.627296,73.59
M-n151-k12-15.sppcc,2,100,-79996.0,1040.815193,-21532.5,0.654124,73.08
M-n151-k12-15.sppcc,2,999,-79996.0,1040.815193,-21532.5,0.707238,73.08
M-n151-k12-15.sppcc,2,2026,-79996.0,1040.815193,-21123.5,0.581163,73.59
M-n151-k12-15.sppcc,3,12345,-79996.0,1040.815193,-21123.5,2.720381,73.59
M-n151-k12-15.sppcc,3,42,-79996.0,1040.815193,-21123.5,2.747253,73.59
M-n151-k12-15.sppcc,3,100,-79996.0,1040.815193,-21123.5,2.845779,73.59
M-n151-k12-15.sppcc,3,999,-79996.0,1040.815193,-21123.5,2.728226,73.59
M-n151-k12-15.sppcc,3,2026,-79996.0,1040.815193,-21532.5,2.854068,73.08
M-n151-k12-15.sppcc,4,12345,-79996.0,1040.815193,-21532.5,3.067253,73.08
M-n151-k12-15.sppcc,4,42,-79996.0,1040.815193,-21123.5,2.735521,73.59
M-n151-k12-15.sppcc,4,100,-79996.0,1040.815193,-20123.5,2.358276,74.84
M-n151-k12-15.sppcc,4,999,-79996.0,1040.815193,-21123.5,2.777563,73.59
M-n151-k12-15.sppcc,4,2026,-79996.0,1040.815193,-21123.5,2.763402,73.59
M-n200-k17-12.sppcc,1,12345,-121210.0,712.354138,-20688.5,0.08953,82.93
M-n200-k17-12.sppcc,1,42,-121210.0,712.354138,-20688.5,0.094419,82.93
M-n200-k17-12.sppcc,1,100,-121210.0,712.354138,-20688.5,0.092538,82.93
M-n200-k17-12.sppcc,1,999,-121210.0,712.354138,-21849.5,0.106943,81.97
M-n200-k17-12.sppcc,1,2026,-121210.0,712.354138,-20688.5,0.090445,82.93
M-n200-k17-12.sppcc,2,12345,-121210.0,712.354138,-22321.5,0.505817,81.58
M-n200-k17-12.sppcc,2,42,-121210.0,712.354138,-23321.5,0.512053,80.76
M-n200-k17-12.sppcc,2,100,-121210.0,712.354138,-22321.5,0.504043,81.58
M-n200-k17-12.sppcc,2,999,-121210.0,712.354138,-22321.5,0.504232,81.58
M-n200-k17-12.sppcc,2,2026,-121210.0,712.354138,-23321.5,0.511186,80.76
M-n200-k17-12.sppcc,3,12345,-121210.0,712.354138,-23321.5,2.223786,80.76
M-n200-k17-12.sppcc,3,42,-121210.0,712.354138,-23321.5,2.302061,80.76
M-n200-k17-12.sppcc,3,100,-121210.0,712.354138,-30921.5,3.662403,74.49
M-n200-k17-12.sppcc,3,999,-121210.0,712.354138,-23321.5,2.274461,80.76
M-n200-k17-12.sppcc,3,2026,-121210.0,712.354138,-23321.5,2.314896,80.76
M-n200-k17-12.sppcc,4,12345,-121210.0,712.354138,-23321.5,2.38586,80.76
M-n200-k17-12.sppcc,4,42,-121210.0,712.354138,-61893.5,3.574094,48.94
M-n200-k17-12.sppcc,4,100,-121210.0,712.354138,-23321.5,2.294596,80.76
M-n200-k17-12.sppcc,4,999,-121210.0,712.354138,-30921.5,2.594026,74.49
M-n200-k17-12.sppcc,4,2026,-121210.0,712.354138,-65024.5,2.717469,46.35
P-n76-k4-41.sppcc,1,12345,-88276.0,106.791573,-56213.5,0.126621,36.32
P-n76-k4-41.sppcc,1,42,-88276.0,106.791573,-56213.5,0.129388,36.32
P-n76-k4-41.sppcc,1,100,-88276.0,106.791573,-56213.5,0.127798,36.32
P-n76-k4-41.sppcc,1,999,-88276.0,106.791573,-56213.5,0.12575,36.32
P-n76-k4-41.sppcc,1,2026,-88276.0,106.791573,-56213.5,0.154692,36.32
P-n76-k4-41.sppcc,2,12345,-88276.0,106.791573,-56213.5,0.665161,36.32
P-n76-k4-41.sppcc,2,42,-88276.0,106.791573,-56868.5,0.668315,35.58
P-n76-k4-41.sppcc,2,100,-88276.0,106.791573,-56213.5,0.692735,36.32
P-n76-k4-41.sppcc,2,999,-88276.0,106.791573,-56213.5,0.687502,36.32
P-n76-k4-41.sppcc,2,2026,-88276.0,106.791573,-56213.5,0.671162,36.32
P-n76-k4-41.sppcc,3,12345,-88276.0,106.791573,-56213.5,3.171731,36.32
P-n76-k4-41.sppcc,3,42,-88276.0,106.791573,-56213.5,3.033205,36.32
P-n76-k4-41.sppcc,3,100,-88276.0,106.791573,-56213.5,3.07413,36.32
P-n76-k4-41.sppcc,3,999,-88276.0,106.791573,-56213.5,3.111842,36.32
P-n76-k4-41.sppcc,3,2026,-88276.0,106.791573,-56213.5,3.034923,36.32
P-n76-k4-41.sppcc,4,12345,-88276.0,106.791573,-56213.5,2.997954,36.32
P-n76-k4-41.sppcc,4,42,-88276.0,106.791573,-58312.5,3.149381,33.94
P-n76-k4-41.sppcc,4,100,-88276.0,106.791573,-56213.5,3.006355,36.32
P-n76-k4-41.sppcc,4,999,-88276.0,106.791573,-56213.5,3.080775,36.32
P-n76-k4-41.sppcc,4,2026,-88276.0,106.791573,-56868.5,3.077465,35.58
P-n76-k5-16.sppcc,1,12345,-107633.0,39.989066,-71952.0,0.098489,33.15
P-n76-k5-16.sppcc,1,42,-107633.0,39.989066,-71952.0,0.099324,33.15
P-n76-k5-16.sppcc,1,100,-107633.0,39.989066,-60112.0,0.083963,44.15
P-n76-k5-16.sppcc,1,999,-107633.0,39.989066,-71952.0,0.095285,33.15
P-n76-k5-16.sppcc,1,2026,-107633.0,39.989066,-62061.0,0.083466,42.34
P-n76-k5-16.sppcc,2,12345,-107633.0,39.989066,-87026.0,0.464084,19.15
P-n76-k5-16.sppcc,2,42,-107633.0,39.989066,-71952.0,0.39615,33.15
P-n76-k5-16.sppcc,2,100,-107633.0,39.989066,-71952.0,0.383849,33.15
P-n76-k5-16.sppcc,2,999,-107633.0,39.989066,-87026.0,0.407755,19.15
P-n76-k5-16.sppcc,2,2026,-107633.0,39.989066,-72960.0,0.384984,32.21
P-n76-k5-16.sppcc,3,12345,-107633.0,39.989066,-90233.0,1.880861,16.17
P-n76-k5-16.sppcc,3,42,-107633.0,39.989066,-71952.0,1.724281,33.15
P-n76-k5-16.sppcc,3,100,-107633.0,39.989066,-71952.0,1.77984,33.15
P-n76-k5-16.sppcc,3,999,-107633.0,39.989066,-89227.0,1.910159,17.1
P-n76-k5-16.sppcc,3,2026,-107633.0,39.989066,-71952.0,1.902013,33.15
P-n76-k5-16.sppcc,4,12345,-107633.0,39.989066,-71952.0,1.8373,33.15
P-n76-k5-16.sppcc,4,42,-107633.0,39.989066,-71952.0,1.783194,33.15
P-n76-k5-16.sppcc,4,100,-107633.0,39.989066,-71952.0,1.786105,33.15
P-n76-k5-16.sppcc,4,999,-107633.0,39.989066,-71952.0,1.7711,33.15
P-n76-k5-16.sppcc,4,2026,-107633.0,39.989066,-90233.0,1.854666,16.17
P-n101-k4-174.sppcc,1,12345,-17702.0,214.925982,977.0,0.311331,105.52
P-n101-k4-174.sppcc,1,42,-17702.0,214.925982,977.0,0.311478,105.52
P-n101-k4-174.sppcc,1,100,-17702.0,214.925982,977.0,0.297223,105.52
P-n101-k4-174.sppcc,1,999,-17702.0,214.925982,1580.0,0.292688,108.93
P-n101-k4-174.sppcc,1,2026,-17702.0,214.925982,977.0,0.303792,105.52
P-n101-k4-174.sppcc,2,12345,-17702.0,214.925982,977.0,1.342859,105.52
P-n101-k4-174.sppcc,2,42,-17702.0,214.925982,1580.0,1.24186,108.93
P-n101-k4-174.sppcc,2,100,-17702.0,214.925982,977.0,1.285941,105.52
P-n101-k4-174.sppcc,2,999,-17702.0,214.925982,2172.0,1.325934,112.27
P-n101-k4-174.sppcc,2,2026,-17702.0,214.925982,977.0,1.268081,105.52
P-n101-k4-174.sppcc,3,12345,-17702.0,214.925982,977.0,7.744865,105.52
P-n101-k4-174.sppcc,3,42,-17702.0,214.925982,977.0,8.25208,105.52
P-n101-k4-174.sppcc,3,100,-17702.0,214.925982,977.0,7.661181,105.52
P-n101-k4-174.sppcc,3,999,-17702.0,214.925982,977.0,7.964345,105.52
P-n101-k4-174.sppcc,3,2026,-17702.0,214.925982,977.0,7.886642,105.52
P-n101-k4-174.sppcc,4,12345,-17702.0,214.925982,977.0,7.953605,105.52
P-n101-k4-174.sppcc,4,42,-17702.0,214.925982,977.0,8.28639,105.52
P-n101-k4-174.sppcc,4,100,-17702.0,214.925982,977.0,8.438675,105.52
P-n101-k4-174.sppcc,4,999,-17702.0,214.925982,977.0,7.831396,105.52
P-n101-k4-174.sppcc,4,2026,-17702.0,214.925982,977.0,7.937335,105.52
